"phenotype_id","target_table","category","field_or_phenotype","data_type","allowed_values_or_format","unit","description","examples_observed_in_reports","extraction_notes"
"record_id","dog_summary","identity_and_source","record_id","string","","","Stable extraction row id.","All reports","Generated by pipeline."
"source_file","dog_summary","identity_and_source","source_file","string","","","Original PDF path or filename.","All reports","Keep path or stable filename."
"source_report_id","dog_summary","identity_and_source","source_report_id","string","","","Inventory id such as R01.","All reports","Links to report_inventory.csv."
"extraction_status","dog_summary","identity_and_source","extraction_status","enum","complete|partial|ocr_needed|failed","","Whether the report was fully processed.","Sparse scanned report","Use ocr_needed for sparse/scanned PDFs."
"dog_name","dog_summary","identity_and_source","dog_name","string","","","Patient name as written.","Example patient names","Do not use owner name as dog name."
"species","dog_summary","identity_and_source","species","enum","canine|other|unknown|not_reported","","Species as written and normalized.","CANINE; Canine","Expected canine but still capture source value."
"breed_raw","dog_summary","identity_and_source","breed_raw","string","","","Breed phrase as written.","Mixed; Great Pyrenees Mix; Goldendoodle; Alaskan Malamute; Manchester Terrier","Retain source spelling."
"breed_primary","dog_summary","identity_and_source","breed_primary","string","","","Normalized primary breed if possible.","Alaskan Malamute; Standard Schnauzer; Goldendoodle","Use raw if normalization is uncertain."
"mixed_breed_status","dog_summary","identity_and_source","mixed_breed_status","enum","purebred|mixed|unknown|not_reported","","Whether the report implies mixed breed.","Mixed; Great Pyrenees Mix; Goldendoodle","Do not over-normalize designer crosses."
"sex_raw","dog_summary","identity_and_source","sex_raw","string","","","Sex field exactly as written.","Male Neutered; MN; FS; Male intact","Retain abbreviations."
"sex","dog_summary","identity_and_source","sex","enum","male|female|unknown|not_reported","","Biologic sex from report.","Male; Female","Normalize from raw field."
"reproductive_status","dog_summary","identity_and_source","reproductive_status","enum","intact|spayed|neutered|castrated|unknown|not_reported","","Spay/neuter/intact status.","Male Neutered; MN; FS; castrated; intact","Castrated and neutered can be equivalent but retain raw value separately."
"date_of_birth","dog_summary","identity_and_source","date_of_birth","date","YYYY-MM-DD","","Birthdate if available.","06-22-09; 04/07/2012; 01/02/2021","Convert only when unambiguous."
"age_reported","dog_summary","identity_and_source","age_reported","string","","","Age phrase as written.","8y; 4 Yrs. 9 Mos.; 9 weeks and 4 days","Retain if date conversion is uncertain."
"age_years_at_report","dog_summary","identity_and_source","age_years_at_report","number","","years","Age converted to years when safe.","2y; 10 years and ...","Use visit date when available."
"coat_color","dog_summary","identity_and_source","coat_color","string","","","Coat color or color description.","Golden; White and Tan; Seal and White; Black/Tan","Retain source spelling."
"microchip_id_present","dog_summary","identity_and_source","microchip_id_present","boolean","yes|no|unknown|not_reported","","Whether a microchip id is reported.","MC# in sample report; microchip in sample report and sample report","Prefer boolean in phenotype outputs."
"microchip_id_hash","dog_summary","identity_and_source","microchip_id_hash","string","","","Optional hashed microchip id for linkage without exposing identifier.","Microchip values in multiple reports","Do not export raw identifier unless approved."
"rabies_tag_or_id_present","dog_summary","identity_and_source","rabies_tag_or_id_present","boolean","yes|no|unknown|not_reported","","Whether a rabies id/tag/date is reported.","Rabies tag/reminder in many reports","Dates go in preventive/vaccine context."
"source_facility","dog_summary","identity_and_source","source_facility","string","","","Clinic, hospital, lab, or source system.","New Hope; East Maryland; TAMU; Northeast; Kingdom Animal Hospital","Useful for source-specific parsing."
"owner_location_region","dog_summary","identity_and_source","owner_location_region","string","","","Optional coarse region only.","Seattle WA; Phoenix AZ; Texas","Avoid owner address in phenotype tables."
"visit_id","visit_summary","visit_and_vitals","visit_id","string","","","Stable visit or event id.","SOAP entries; discharge summaries; lab panels","One row per dated event."
"visit_date","visit_summary","visit_and_vitals","visit_date","date","YYYY-MM-DD","","Visit, test, procedure, discharge, or note date.","02/17/2023; 10-27-21; Oct 30 2013","Convert only when unambiguous."
"document_date","visit_summary","visit_and_vitals","document_date","date","YYYY-MM-DD","","Printed/report date when distinct from visit date.","Printed dates and report dates","Useful for old chart exports."
"visit_type","visit_summary","visit_and_vitals","visit_type","enum","wellness|sick_exam|recheck|surgery|dental|rehab|lab_result|imaging|pathology|telecom|medication_refill|unknown","","Visit or note type.","Annual exam; sick exam; surgery; rehab; lab result","Classify at chunk level."
"visit_reason_raw","visit_summary","visit_and_vitals","visit_reason_raw","string","","","Reason/complaint exactly as written.","Bloody Nose; Check Ears; Limping; Coughing; New skin lesion","Retain source phrasing."
"chief_complaint_normalized","visit_summary","visit_and_vitals","chief_complaint_normalized","string","","","Normalized chief complaint phrase.","cough; diarrhea; skin lesion; lameness; vomiting","May map to a clinical_sign phenotype."
"age_at_visit_years","visit_summary","visit_and_vitals","age_at_visit_years","number","","years","Dog age at event if derivable.","Age 2y; 7 month old puppy","Use DOB plus visit date when possible."
"weight_lb","visit_summary","visit_and_vitals","weight_lb","number","","lb","Body weight in pounds.","37.70 lbs; 80.4 lbs; 33.40 pounds","Normalize kg to lb if needed."
"weight_kg","visit_summary","visit_and_vitals","weight_kg","number","","kg","Body weight in kilograms.","24.5 kg; 27 kg","Normalize lb to kg if needed."
"weight_trend","visit_summary","visit_and_vitals","weight_trend","enum","stable|gain|loss|failure_to_gain|not_reported|unknown","","Longitudinal weight interpretation.","weight loss; failure to gain weight; gaining strength and weight","Do not infer from one measurement."
"body_condition_score","visit_summary","visit_and_vitals","body_condition_score","number","0-9 or 1-5 scale","","BCS numeric score.","5/9; 4/9; 2.5/9; 7.00/9.00","Also store scale."
"body_condition_scale","visit_summary","visit_and_vitals","body_condition_scale","string","/9|/5|unknown","","BCS scale.","BCS 5/9; Pain Score 1/5","Required if score is present."
"muscle_condition_score","visit_summary","visit_and_vitals","muscle_condition_score","number","","","Muscle condition score.","MCS 3 in sample report","Keep scale if stated."
"pain_score","visit_summary","visit_and_vitals","pain_score","number","","","Pain score.","Pain Score 0-4; Pain Score 1/5","Also store scale."
"pain_score_scale","visit_summary","visit_and_vitals","pain_score_scale","string","/4|/5|unknown","","Pain score scale.","Pain score 0-4; 1/5","Do not mix scales."
"temperature_f","visit_summary","visit_and_vitals","temperature_f","number","","F","Temperature.","101.6 F; 100.8 F; 103.8","Normalize Celsius if encountered."
"heart_rate_bpm","visit_summary","visit_and_vitals","heart_rate_bpm","number","","bpm","Pulse or heart rate.","Pulse 120; HR 110","Use source label in evidence."
"respiratory_rate_bpm","visit_summary","visit_and_vitals","respiratory_rate_bpm","number","","breaths/min","Respiration or respiratory rate.","RR 40; Respiration 20","Panting can be text if no number."
"crt_seconds","visit_summary","visit_and_vitals","crt_seconds","string","","sec","Capillary refill time.","CRT <2 sec; CRT 1-2 sec","Retain inequality/range."
"mucous_membrane_color","visit_summary","visit_and_vitals","mucous_membrane_color","string","","","Mucous membrane color/moisture.","pink moist; pink dry","Can indicate dehydration/shock."
"hydration_status","visit_summary","visit_and_vitals","hydration_status","enum","normal|adequate|mild_dehydration|dehydrated|euhydrated|not_reported|unknown","","Hydration state.","mildly dehydrated; euhydrated; hydration adequate","Do not infer from normal exam unless explicit."
"mentation_attitude","visit_summary","visit_and_vitals","mentation_attitude","string","","","BAR/BARH/QAR/lethargic/nervous/excited etc.","BAR; BARH; QAR; nervous; lethargic","Retain abbreviations."
"normal_systems_raw","visit_summary","visit_and_vitals","normal_systems_raw","string","","","Systems explicitly described as normal.","Normal Systems blocks","Silence is not normal."
"abnormal_systems_raw","visit_summary","visit_and_vitals","abnormal_systems_raw","string","","","Systems explicitly described as abnormal.","Integumentary; mucous membranes; neurologic; skin","Use phenotype_events for details."
"current_medications_raw","visit_summary","lifestyle_exposure_context","current_medications_raw","string","","","Current meds and supplements listed at visit.","Fluconazole; prednisone; gabapentin; Denamarin; yunnan baiyao","Context, not automatically a diagnosis."
"current_diet_raw","visit_summary","lifestyle_exposure_context","current_diet_raw","string","","","Current diet listed at visit.","Hills Science Diet; Purina Pro Plan; Royal Canin HP; homemade; Acana","Retain brand/formula."
"diet_type","visit_summary","lifestyle_exposure_context","diet_type","enum","kibble|canned|homemade|raw|prescription|hypoallergenic|bland|mixed|unknown|not_reported","","Diet category.","kibble; canned; homemade; hypoallergenic; bland diet","Can derive from diet_raw with evidence."
"diet_amount_raw","visit_summary","lifestyle_exposure_context","diet_amount_raw","string","","","Amount/frequency as written.","5-6 cups/day; 2 cups twice daily; free choice","Do not standardize unless clear."
"appetite_status","visit_summary","lifestyle_exposure_context","appetite_status","enum","normal|decreased|increased|picky|waxing_waning|anorexic|not_reported|unknown","","Appetite phenotype.","picky eater; not eating; appetite/drinking well; appetite up/down","Also add clinical sign if abnormal."
"water_intake_status","visit_summary","lifestyle_exposure_context","water_intake_status","enum","normal|increased|decreased|not_drinking|not_reported|unknown","","Drinking or water intake.","Drinking normal; drinks and urinates normally; not drinking","Also add PU/PD if increased."
"urination_status_owner_reported","visit_summary","lifestyle_exposure_context","urination_status_owner_reported","enum","normal|increased|decreased|incontinence|stranguria|incomplete_emptying|not_reported|unknown","","Owner-reported urination pattern.","normal; incomplete bladder emptying; Proin use","Also add urinary phenotype event."
"defecation_status_owner_reported","visit_summary","lifestyle_exposure_context","defecation_status_owner_reported","string","","","Owner-reported stool/defecation status.","loose stool; normal BM; bloody stool; smaller BM","Preserve raw text."
"environment_exposure_raw","visit_summary","lifestyle_exposure_context","environment_exposure_raw","string","","","Environment/exposure notes.","indoor dog; yard; dog parks; irrigation; boarding; travel","Supports infectious/allergy context."
"heartworm_prevention_current","visit_summary","preventive_context","heartworm_prevention_current","boolean","yes|no|unknown|not_reported","","Current heartworm prevention.","monthly HWP; Sentinel; Heartgard; Simparica Trio","Medication context."
"flea_tick_prevention_current","visit_summary","preventive_context","flea_tick_prevention_current","boolean","yes|no|unknown|not_reported","","Current flea/tick prevention.","Bravecto; NexGard; Advantix; Simparica Trio","Medication context."
"vaccination_status_raw","visit_summary","preventive_context","vaccination_status_raw","string","","","Vaccine reminders/due dates/administered vaccines.","Rabies; DHPP; DAPP; Bordetella; Leptospira; CIV; Lyme","Use vaccine_events if detailed tracking needed."
"allergies_sensitivities_raw","visit_summary","lifestyle_exposure_context","allergies_sensitivities_raw","string","","","Owner-reported allergies/sensitivities.","Pre-exam allergy questions; food sensitivity notes","Separate from diagnosed allergy."
"behavior_temperament_raw","visit_summary","behavior_context","behavior_temperament_raw","string","","","Behavior notes.","relaxed dog; nervous; shyness around ears; storm anxiety","Use clinical_sign anxiety_nervousness if abnormal."
"general_appearance_exam","visit_summary","body_system_exam","general_appearance_exam","string","","","General appearance, mentation, hydration.","BAR; QAR; bright alert responsive; lethargic mildly dehydrated","Summarize concisely."
"eyes_exam","visit_summary","body_system_exam","eyes_exam","string","","","Ocular exam summary.","nuclear sclerosis; ocular discharge; clear externally","Add phenotype event if abnormal."
"ears_exam","visit_summary","body_system_exam","ears_exam","string","","","Otic exam summary.","otitis; cerumen; reactive to otoscope; ears normal","Add body site/laterality."
"nose_exam","visit_summary","body_system_exam","nose_exam","string","","","Nasal exam summary.","unilateral discharge; epistaxis; nasal alopecia; nose normal","Add respiratory/nasal phenotype events."
"oral_dental_exam","visit_summary","body_system_exam","oral_dental_exam","string","","","Oral and dental exam summary.","periodontal disease; tartar; tooth fracture; missing tooth","Add dental phenotype events."
"skin_coat_exam","visit_summary","body_system_exam","skin_coat_exam","string","","","Skin and coat exam summary.","alopecia; erythema; pyoderma; mass; wound; no fleas","Add dermatology phenotype events."
"lymph_nodes_exam","visit_summary","body_system_exam","lymph_nodes_exam","string","","","Peripheral lymph node exam.","WNL; no peripheral lymphadenopathy","Do not infer normal if absent."
"cardiovascular_exam","visit_summary","body_system_exam","cardiovascular_exam","string","","","Heart rhythm/sounds, murmur, pulses.","no murmur; normal sinus rhythm; tachycardic","Add phenotype if abnormal."
"respiratory_exam","visit_summary","body_system_exam","respiratory_exam","string","","","Lung sounds, cough, respiratory effort.","clear lungs; hacking cough; crackles/wheezes absent","Add respiratory phenotype events."
"abdomen_gi_exam","visit_summary","body_system_exam","abdomen_gi_exam","string","","","Abdominal palpation and GI exam.","soft nonpainful; no masses; organomegaly absent","Add GI phenotype if abnormal."
"urogenital_exam","visit_summary","body_system_exam","urogenital_exam","string","","","Urogenital exam summary.","external GU WNL; urination normal; kidneys normal","Add urinary phenotype if abnormal."
"perineal_anal_gland_exam","visit_summary","body_system_exam","perineal_anal_gland_exam","string","","","Anal/perineal/rectal region.","anal gland abscess; perianal mass; anal tone decreased","Add anal/perineal phenotype."
"musculoskeletal_gait_exam","visit_summary","body_system_exam","musculoskeletal_gait_exam","string","","","Gait, lameness, joints, muscle mass, spine.","ambulatory x4; no lameness; hindlimb ataxia; muscle wasting","Add MSK/neuro phenotype events."
"neurologic_exam","visit_summary","body_system_exam","neurologic_exam","string","","","Neurologic exam summary.","proprioceptive deficits; ataxia; cranial nerves normal","Add neuro phenotype events."
"rectal_exam","visit_summary","body_system_exam","rectal_exam","string","","","Rectal exam summary.","normal stool; anal sacs empty; decreased anal tone","Add perineal phenotype if abnormal."
"rehab_function_exam","visit_summary","body_system_exam","rehab_function_exam","string","","","Rehab-specific function metrics.","ball time; board reps; gait improving; acupuncture","Store detailed rehab metrics in procedure_events if needed."
"lethargy","phenotype_events","clinical_sign","lethargy","event","present|absent|suspected|rule_out|historical|resolved|normal|abnormal|not_reported","","Low energy or listlessness.","sample report lethargy; vaccine reaction warnings; sample report call-if lethargic","Use only if patient-specific or explicitly relevant."
"fever","phenotype_events","clinical_sign","fever","event","present|absent|suspected|rule_out|historical|resolved|normal|abnormal|not_reported","","Fever or high temperature as diagnosis/sign.","sample report FEVER with temp 103.8","Prefer diagnosis/sign text over single temp if ambiguous."
"dehydration","phenotype_events","clinical_sign","dehydration","event","present|absent|suspected|rule_out|historical|resolved|normal|abnormal|not_reported","","Dehydration or euhydration status.","mildly dehydrated; euhydrated; hydration adequate","Capture severity."
"decreased_appetite_anorexia","phenotype_events","clinical_sign","decreased_appetite_anorexia","event","present|absent|suspected|rule_out|historical|resolved|normal|abnormal|not_reported","","Decreased appetite, picky eating, anorexia, not eating.","sample report not eating; sample report picky/lack of appetite; sample report anorexia call-if","Capture duration."
"increased_appetite","phenotype_events","clinical_sign","increased_appetite","event","present|absent|suspected|rule_out|historical|resolved|normal|abnormal|not_reported","","Increased appetite.","sample report appetite up/down with Cushing discussion","Keep status suspected if in endocrine workup."
"vomiting","phenotype_events","clinical_sign","vomiting","event","present|absent|suspected|rule_out|historical|resolved|normal|abnormal|not_reported","","Vomiting or regurgitation.","sample report vomited once; Winston vomiting/not eating; sample report occasional vomiting","Record frequency."
"diarrhea","phenotype_events","clinical_sign","diarrhea","event","present|absent|suspected|rule_out|historical|resolved|normal|abnormal|not_reported","","Diarrhea of any duration.","sample reports; sample report","Use acute/chronic/watery/bloody rows too when explicit."
"acute_diarrhea","phenotype_events","clinical_sign","acute_diarrhea","event","present|absent|suspected|rule_out|historical|resolved|normal|abnormal|not_reported","","Acute diarrhea explicitly diagnosed.","sample report DIARRHEA ACUTE","Keep source status."
"chronic_diarrhea","phenotype_events","clinical_sign","chronic_diarrhea","event","present|absent|suspected|rule_out|historical|resolved|normal|abnormal|not_reported","","Chronic diarrhea or ongoing loose stools.","sample report DIARRHEA CHRONIC; sample report chronic GI","Use duration if stated."
"watery_diarrhea","phenotype_events","clinical_sign","watery_diarrhea","event","present|absent|suspected|rule_out|historical|resolved|normal|abnormal|not_reported","","Very watery diarrhea.","sample report VERY watery diarrhea","Severity descriptor."
"bloody_stool_or_hematochezia","phenotype_events","clinical_sign","bloody_stool_or_hematochezia","event","present|absent|suspected|rule_out|historical|resolved|normal|abnormal|not_reported","","Blood in stool or bloody diarrhea.","sample report blood in stool; sample report bloody stools warning","Avoid generic bloodwork lines."
"soft_stool","phenotype_events","clinical_sign","soft_stool","event","present|absent|suspected|rule_out|historical|resolved|normal|abnormal|not_reported","","Soft, loose, or smaller stools.","sample report smaller BMs slightly loose; sample report formed yet soft stools","Capture stool character."
"constipation_straining","phenotype_events","clinical_sign","constipation_straining","event","present|absent|suspected|rule_out|historical|resolved|normal|abnormal|not_reported","","Constipation, straining, abnormal defecation.","sample report defecated all over house; sample report no straining","Use absent if explicitly no straining."
"weight_loss","phenotype_events","clinical_sign","weight_loss","event","present|absent|suspected|rule_out|historical|resolved|normal|abnormal|not_reported","","Weight loss.","sample report WEIGHT LOSS; sample report weight loss recommendation","Do not infer from isolated weights."
"weight_gain","phenotype_events","clinical_sign","weight_gain","event","present|absent|suspected|rule_out|historical|resolved|normal|abnormal|not_reported","","Weight gain.","sample report gradual weight gain","May be endocrine context."
"failure_to_gain_weight","phenotype_events","clinical_sign","failure_to_gain_weight","event","present|absent|suspected|rule_out|historical|resolved|normal|abnormal|not_reported","","Failure to gain weight or chronic underweight.","sample report failure to gain weight; malabsorption workup","Preserve historical/current."
"overweight_obesity","phenotype_events","clinical_sign","overweight_obesity","event","present|absent|suspected|rule_out|historical|resolved|normal|abnormal|not_reported","","Overweight or obesity.","AVIE overweight; high BCS in sample report","Use BCS evidence."
"cough","phenotype_events","clinical_sign","cough","event","present|absent|suspected|rule_out|historical|resolved|normal|abnormal|not_reported","","Cough, hacking cough, gagging cough.","sample report cough; sample report dry hacking cough","Capture productive/nonproductive."
"hemoptysis_coughing_blood","phenotype_events","clinical_sign","hemoptysis_coughing_blood","event","present|absent|suspected|rule_out|historical|resolved|normal|abnormal|not_reported","","Coughing up blood.","sample report coughing blood","Separate from epistaxis."
"sneezing","phenotype_events","clinical_sign","sneezing","event","present|absent|suspected|rule_out|historical|resolved|normal|abnormal|not_reported","","Sneezing.","sample report grass seed sneezed out; vaccine warnings","Use patient-specific evidence."
"nasal_discharge","phenotype_events","clinical_sign","nasal_discharge","event","present|absent|suspected|rule_out|historical|resolved|normal|abnormal|not_reported","","Any nasal discharge.","sample report mucopurulent discharge; sample report serosanguinous nostril fluid","Capture character."
"unilateral_nasal_discharge","phenotype_events","clinical_sign","unilateral_nasal_discharge","event","present|absent|suspected|rule_out|historical|resolved|normal|abnormal|not_reported","","Discharge from one nostril.","sample report left nostril discharge; sample report left nostril","Use laterality."
"mucopurulent_nasal_discharge","phenotype_events","clinical_sign","mucopurulent_nasal_discharge","event","present|absent|suspected|rule_out|historical|resolved|normal|abnormal|not_reported","","Mucopurulent nasal discharge.","sample report chronic rhinitis notes","Subtype of nasal discharge."
"epistaxis_bloody_nose","phenotype_events","clinical_sign","epistaxis_bloody_nose","event","present|absent|suspected|rule_out|historical|resolved|normal|abnormal|not_reported","","Bloody nose or serosanguinous nasal fluid.","sample report Bloody Nose","Use body_site nose."
"panting_or_tachypnea","phenotype_events","clinical_sign","panting_or_tachypnea","event","present|absent|suspected|rule_out|historical|resolved|normal|abnormal|not_reported","","Panting or increased respiratory rate.","sample report other: panting; sample report RR panting","Can be physiologic; keep evidence."
"dyspnea_respiratory_distress","phenotype_events","clinical_sign","dyspnea_respiratory_distress","event","present|absent|suspected|rule_out|historical|resolved|normal|abnormal|not_reported","","Difficulty breathing or respiratory distress.","Respiratory exam and discharge instructions","Only if patient-specific."
"pu_pd","phenotype_events","clinical_sign","pu_pd","event","present|absent|suspected|rule_out|historical|resolved|normal|abnormal|not_reported","","Polyuria/polydipsia or increased drinking/urination.","sample report no PU/PD; sample report drinks more water","Store absent when explicitly negated."
"urinary_incontinence","phenotype_events","clinical_sign","urinary_incontinence","event","present|absent|suspected|rule_out|historical|resolved|normal|abnormal|not_reported","","Urinary incontinence or Proin-treated leakage.","sample report Proin in current meds","Do not infer diagnosis from Proin alone unless source states it."
"incomplete_bladder_emptying","phenotype_events","clinical_sign","incomplete_bladder_emptying","event","present|absent|suspected|rule_out|historical|resolved|normal|abnormal|not_reported","","Incomplete bladder emptying or posturing changes.","sample report not emptying bladder completely","Often neuro context."
"hematuria","phenotype_events","clinical_sign","hematuria","event","present|absent|suspected|rule_out|historical|resolved|normal|abnormal|not_reported","","Blood in urine.","UA blood/HGB; UTI records","Use lab_results for UA value."
"pruritus_itching","phenotype_events","clinical_sign","pruritus_itching","event","present|absent|suspected|rule_out|historical|resolved|normal|abnormal|not_reported","","Itching or pruritus.","sample report itchy; sample report pruritus; sample report rash/itch","Include severity if stated."
"licking_chewing_self","phenotype_events","clinical_sign","licking_chewing_self","event","present|absent|suspected|rule_out|historical|resolved|normal|abnormal|not_reported","","Excessive licking or chewing.","sample report chewing feet; sample report chews bandage; sample report licking lesion","Use body_site."
"alopecia_poor_hair_regrowth","phenotype_events","clinical_sign","alopecia_poor_hair_regrowth","event","present|absent|suspected|rule_out|historical|resolved|normal|abnormal|not_reported","","Alopecia or poor hair regrowth.","sample report clipper alopecia; U-sample report nasal alopecia","Capture site."
"rash_erythema","phenotype_events","clinical_sign","rash_erythema","event","present|absent|suspected|rule_out|historical|resolved|normal|abnormal|not_reported","","Rash, redness, erythema.","sample report rash; sample report belly rash; sample report erythema","Use severity/site."
"papules_pustules_collarettes","phenotype_events","clinical_sign","papules_pustules_collarettes","event","present|absent|suspected|rule_out|historical|resolved|normal|abnormal|not_reported","","Papules, pustules, epidermal collarettes.","sample report pustules/papules; sample report collarettes","Derm subtype."
"hyperpigmentation","phenotype_events","clinical_sign","hyperpigmentation","event","present|absent|suspected|rule_out|historical|resolved|normal|abnormal|not_reported","","Skin hyperpigmentation.","sample report black pigmentation; sample report mammary hyperpigmentation","Site matters."
"scaling_dander","phenotype_events","clinical_sign","scaling_dander","event","present|absent|suspected|rule_out|historical|resolved|normal|abnormal|not_reported","","Scale, dander, crusting.","sample report crusted nipple/rash; sample report coat scale","Derm subtype."
"hot_spot_moist_dermatitis","phenotype_events","clinical_sign","hot_spot_moist_dermatitis","event","present|absent|suspected|rule_out|historical|resolved|normal|abnormal|not_reported","","Hot spot or moist dermatitis.","sample report hot spot; sample report hot spot; sample report pyotraumatic dermatitis","Clinical sign/diagnosis overlap."
"skin_mass_lump","phenotype_events","clinical_sign","skin_mass_lump","event","present|absent|suspected|rule_out|historical|resolved|normal|abnormal|not_reported","","Mass, lump, growth, subcutaneous mass.","sample report lip mass; sample report neck lump; sample report abdominal mass; sample report under eye lump","Use oncology phenotype if diagnosed."
"wound_laceration_ulcer","phenotype_events","clinical_sign","wound_laceration_ulcer","event","present|absent|suspected|rule_out|historical|resolved|normal|abnormal|not_reported","","Wound, laceration, ulcer, puncture, sore.","sample report paw laceration; sample report pad wound; sample report snake wound; sample report sores","Capture site and healing status."
"necrosis_or_draining_tracts","phenotype_events","clinical_sign","necrosis_or_draining_tracts","event","present|absent|suspected|rule_out|historical|resolved|normal|abnormal|not_reported","","Necrosis or draining tracts.","sample report rattlesnake necrosis and draining tracts","Important wound severity."
"ear_pain_sensitivity","phenotype_events","clinical_sign","ear_pain_sensitivity","event","present|absent|suspected|rule_out|historical|resolved|normal|abnormal|not_reported","","Ear pain or sensitivity.","sample report screaming/reactive ear handling; sample report shyness around ears","Use laterality."
"ear_discharge_odor_cerumen","phenotype_events","clinical_sign","ear_discharge_odor_cerumen","event","present|absent|suspected|rule_out|historical|resolved|normal|abnormal|not_reported","","Ear discharge, odor, debris, cerumen.","sample report minimal cerumen; sample report ear exudate/hair","Can be normal or abnormal."
"ocular_discharge","phenotype_events","clinical_sign","ocular_discharge","event","present|absent|suspected|rule_out|historical|resolved|normal|abnormal|not_reported","","Eye discharge or crusting.","sample report mucoid discharge; sample report purulent discharge","Use laterality if stated."
"facial_swelling","phenotype_events","clinical_sign","facial_swelling","event","present|absent|suspected|rule_out|historical|resolved|normal|abnormal|not_reported","","Facial or muzzle swelling.","sample report lump under eye; sample report muzzle swelling after snake bite","May be dental/allergy/trauma."
"dental_tartar_calculus","phenotype_events","clinical_sign","dental_tartar_calculus","event","present|absent|suspected|rule_out|historical|resolved|normal|abnormal|not_reported","","Tartar or calculus.","sample report calculi; sample report tartar staining","Dental severity."
"gingivitis_periodontal_disease","phenotype_events","clinical_sign","gingivitis_periodontal_disease","event","present|absent|suspected|rule_out|historical|resolved|normal|abnormal|not_reported","","Gingivitis or periodontal disease.","sample report mild gingivitis; sample report periodontal disease 2/4","Use grade if given."
"tooth_fracture","phenotype_events","clinical_sign","tooth_fracture","event","present|absent|suspected|rule_out|historical|resolved|normal|abnormal|not_reported","","Fractured tooth or slab fracture.","sample report fractured 108/208; sample report tooth root rule-out","Use tooth number if available."
"oral_mass_or_erosion","phenotype_events","clinical_sign","oral_mass_or_erosion","event","present|absent|suspected|rule_out|historical|resolved|normal|abnormal|not_reported","","Oral/lip mass or erosion.","sample report lip papilloma; sample report oral erosion","Link to pathology if available."
"lameness_limping","phenotype_events","clinical_sign","lameness_limping","event","present|absent|suspected|rule_out|historical|resolved|normal|abnormal|not_reported","","Lameness or limping.","sample report limping; sample report limping; sample report right pelvic limb lameness","Capture limb/laterality."
"gait_abnormality","phenotype_events","clinical_sign","gait_abnormality","event","present|absent|suspected|rule_out|historical|resolved|normal|abnormal|not_reported","","Abnormal gait, scuffing, off-loading limb.","sample report toe scuffing and gait changes","Often neuro/MSK."
"pain_musculoskeletal","phenotype_events","clinical_sign","pain_musculoskeletal","event","present|absent|suspected|rule_out|historical|resolved|normal|abnormal|not_reported","","Pain localized to spine, limb, psoas, neck, abdomen, wound.","sample report psoas/cervical pain; sample report ear pain; sample report paw wound","Capture site and severity."
"hindlimb_weakness","phenotype_events","clinical_sign","hindlimb_weakness","event","present|absent|suspected|rule_out|historical|resolved|normal|abnormal|not_reported","","Hindlimb weakness.","sample report hindlimb weakness","Neurologic phenotype."
"paraparesis","phenotype_events","clinical_sign","paraparesis","event","present|absent|suspected|rule_out|historical|resolved|normal|abnormal|not_reported","","Paraparesis or non-ambulatory paraparetic status.","sample report paraparesis","Capture ambulatory/non-ambulatory."
"ataxia_proprioceptive_deficits","phenotype_events","clinical_sign","ataxia_proprioceptive_deficits","event","present|absent|suspected|rule_out|historical|resolved|normal|abnormal|not_reported","","Ataxia, proprioceptive deficits, scuffing.","sample report proprioceptive ataxia","Capture limb."
"collapse_episode","phenotype_events","clinical_sign","collapse_episode","event","present|absent|suspected|rule_out|historical|resolved|normal|abnormal|not_reported","","Collapse or hind-leg collapse episode.","sample report hind legs collapsed after leash correction","Event-specific."
"muscle_wasting","phenotype_events","clinical_sign","muscle_wasting","event","present|absent|suspected|rule_out|historical|resolved|normal|abnormal|not_reported","","Decreased muscle mass or muscle wasting.","sample report decreased muscle mass; hips and hind limbs wasted","Capture distribution."
"bruising_ecchymoses","phenotype_events","clinical_sign","bruising_ecchymoses","event","present|absent|suspected|rule_out|historical|resolved|normal|abnormal|not_reported","","Bruising or ecchymosis.","sample report elbows/stifles/inguinal ecchymoses","Heme/immune context."
"bleeding_tendency","phenotype_events","clinical_sign","bleeding_tendency","event","present|absent|suspected|rule_out|historical|resolved|normal|abnormal|not_reported","","Bleeding concern or coagulopathy sign.","sample report bloody nose; sample report nail trim bleeding watch","Separate sign from lab coags."
"anxiety_nervousness","phenotype_events","clinical_sign","anxiety_nervousness","event","present|absent|suspected|rule_out|historical|resolved|normal|abnormal|not_reported","","Nervousness, anxiety, shyness, storm distress.","sample report nervous despite trazodone; sample report shyness around ears; sample report storm rough day","Behavior context."
"apparently_healthy","phenotype_events","diagnosis_problem","apparently_healthy","event","present|absent|suspected|rule_out|historical|resolved|normal|abnormal|not_reported","","Healthy or normal physical exam.","sample report ideal healthy weight; sample report apparently healthy puppy; sample report apparently healthy","Normal finding still needs evidence."
"underweight","phenotype_events","diagnosis_problem","underweight","event","present|absent|suspected|rule_out|historical|resolved|normal|abnormal|not_reported","","Underweight or thin body condition.","sample report underweight; BCS 2.5/9","Capture BCS."
"obesity_overweight","phenotype_events","diagnosis_problem","obesity_overweight","event","present|absent|suspected|rule_out|historical|resolved|normal|abnormal|not_reported","","Overweight or obesity diagnosis/status.","AVIE overweight; sample report BCS 7/9","Use BCS evidence."
"megaesophagus_history","phenotype_events","diagnosis_problem","megaesophagus_history","event","present|absent|suspected|rule_out|historical|resolved|normal|abnormal|not_reported","","History of megaesophagus.","sample report diagnosed younger and grown out of it","Historical/resolved."
"colitis","phenotype_events","diagnosis_problem","colitis","event","present|absent|suspected|rule_out|historical|resolved|normal|abnormal|not_reported","","Colitis diagnosis or rule-out.","sample report colitis; sample report rule-outs","Preserve rule-out."
"gastroenteritis_gastritis","phenotype_events","diagnosis_problem","gastroenteritis_gastritis","event","present|absent|suspected|rule_out|historical|resolved|normal|abnormal|not_reported","","Gastritis or gastroenteritis.","sample report gastritis; sample report vomiting rule-outs","Preserve suspected status."
"inflammatory_bowel_disease","phenotype_events","diagnosis_problem","inflammatory_bowel_disease","event","present|absent|suspected|rule_out|historical|resolved|normal|abnormal|not_reported","","IBD suspected or diagnosed.","sample report colitis/IBD rule-out; sample report GI workup","Often rule-out."
"lymphangiectasia","phenotype_events","diagnosis_problem","lymphangiectasia","event","present|absent|suspected|rule_out|historical|resolved|normal|abnormal|not_reported","","Lymphangiectasia suspected or diagnosed.","sample report rule-out list","Often rule-out."
"malabsorption_maldigestion","phenotype_events","diagnosis_problem","malabsorption_maldigestion","event","present|absent|suspected|rule_out|historical|resolved|normal|abnormal|not_reported","","Malabsorption, maldigestion, nutrient utilization problem.","sample report suspected small intestinal malabsorption","Use GI/nutrition context."
"exocrine_pancreatic_insufficiency","phenotype_events","diagnosis_problem","exocrine_pancreatic_insufficiency","event","present|absent|suspected|rule_out|historical|resolved|normal|abnormal|not_reported","","EPI listed as rule-out or diagnosis.","sample report EPI rule-out; GI panels","Rule-out unless confirmed."
"pancreatitis","phenotype_events","diagnosis_problem","pancreatitis","event","present|absent|suspected|rule_out|historical|resolved|normal|abnormal|not_reported","","Pancreatitis suspected, ruled out, or lab-supported.","sample reports PrecisionPSL notes; sample report rule-out","Use lab_results for PSL/PLI."
"hypoproteinemia_low_total_protein","phenotype_events","diagnosis_problem","hypoproteinemia_low_total_protein","event","present|absent|suspected|rule_out|historical|resolved|normal|abnormal|not_reported","","Low total protein or protein-losing concern.","sample report low protein due to GI loss","Lab value in lab_results."
"hepatopathy_liver_injury","phenotype_events","diagnosis_problem","hepatopathy_liver_injury","event","present|absent|suspected|rule_out|historical|resolved|normal|abnormal|not_reported","","Hepatic injury, high liver enzymes, hepatopathy.","sample report recurrent hepatic injury/hepatopathy; sample report hepatosupport","Do not infer from supplement alone."
"renal_injury_kidney_disease","phenotype_events","diagnosis_problem","renal_injury_kidney_disease","event","present|absent|suspected|rule_out|historical|resolved|normal|abnormal|not_reported","","Renal injury or kidney disease concern.","sample report renal injury discussion; UA/UPC","Use suspected if not confirmed."
"allergic_dermatitis","phenotype_events","diagnosis_problem","allergic_dermatitis","event","present|absent|suspected|rule_out|historical|resolved|normal|abnormal|not_reported","","Allergic dermatitis.","sample report allergic dermatitis; sample report allergic dermatitis rule-out","May overlap atopy/food/flea allergy."
"canine_atopic_dermatitis","phenotype_events","diagnosis_problem","canine_atopic_dermatitis","event","present|absent|suspected|rule_out|historical|resolved|normal|abnormal|not_reported","","Atopy or CAD.","sample report atopic rule-out; sample report CAD/check skin","Preserve suspected/confirmed."
"flea_allergy_dermatitis","phenotype_events","diagnosis_problem","flea_allergy_dermatitis","event","present|absent|suspected|rule_out|historical|resolved|normal|abnormal|not_reported","","Flea allergy dermatitis.","sample report FAD suspected","Use external parasite evidence when available."
"cutaneous_adverse_food_reaction","phenotype_events","diagnosis_problem","cutaneous_adverse_food_reaction","event","present|absent|suspected|rule_out|historical|resolved|normal|abnormal|not_reported","","Food allergy or adverse food reaction.","sample report chicken cutaneous adverse food reactor; sample report food allergy rule-out","Diet context important."
"superficial_pyoderma","phenotype_events","diagnosis_problem","superficial_pyoderma","event","present|absent|suspected|rule_out|historical|resolved|normal|abnormal|not_reported","","Superficial pyoderma or bacterial skin infection.","sample report pyoderma; sample report superficial pyoderma","Capture secondary infection if stated."
"yeast_dermatitis","phenotype_events","diagnosis_problem","yeast_dermatitis","event","present|absent|suspected|rule_out|historical|resolved|normal|abnormal|not_reported","","Yeast dermatitis or infection.","sample report secondary yeast; U-sample report nasal yeast recurrence rule-out","Preserve rule-out."
"pododermatitis","phenotype_events","diagnosis_problem","pododermatitis","event","present|absent|suspected|rule_out|historical|resolved|normal|abnormal|not_reported","","Pododermatitis.","sample report pododermatitis","Use paw/foot site."
"otitis","phenotype_events","diagnosis_problem","otitis","event","present|absent|suspected|rule_out|historical|resolved|normal|abnormal|not_reported","","Otitis or ear infection.","sample report possible otitis; sample report Otitis AU","Capture side."
"nasal_alopecia","phenotype_events","diagnosis_problem","nasal_alopecia","event","present|absent|suspected|rule_out|historical|resolved|normal|abnormal|not_reported","","Nasal alopecia.","U-sample report nasal alopecia","Derm/nasal overlap."
"external_parasites_fleas","phenotype_events","diagnosis_problem","external_parasites_fleas","event","present|absent|suspected|rule_out|historical|resolved|normal|abnormal|not_reported","","Flea evidence or external parasites.","sample report owner saw flea; sample report no external parasites","Use absent only if explicit."
"mild_dental_disease","phenotype_events","diagnosis_problem","mild_dental_disease","event","present|absent|suspected|rule_out|historical|resolved|normal|abnormal|not_reported","","Mild dental disease.","sample report mild dental disease","General dental phenotype."
"periodontal_disease","phenotype_events","diagnosis_problem","periodontal_disease","event","present|absent|suspected|rule_out|historical|resolved|normal|abnormal|not_reported","","Periodontal disease.","sample report periodontal disease 2/4","Record grade."
"tooth_root_abscess","phenotype_events","diagnosis_problem","tooth_root_abscess","event","present|absent|suspected|rule_out|historical|resolved|normal|abnormal|not_reported","","Tooth root abscess.","sample report facial swelling DDX","Usually rule-out/suspected."
"retained_deciduous_tooth","phenotype_events","diagnosis_problem","retained_deciduous_tooth","event","present|absent|suspected|rule_out|historical|resolved|normal|abnormal|not_reported","","Retained baby tooth.","sample report retained 604 extraction","Dental event."
"valley_fever_coccidioidomycosis","phenotype_events","diagnosis_problem","valley_fever_coccidioidomycosis","event","present|absent|suspected|rule_out|historical|resolved|normal|abnormal|not_reported","","Valley fever/coccidioidomycosis.","sample report VALLEY FEVER; cough due to VF","Use diagnostic_events for titer."
"heartworm_infection","phenotype_events","diagnosis_problem","heartworm_infection","event","present|absent|suspected|rule_out|historical|resolved|normal|abnormal|not_reported","","Heartworm infection if positive.","Many negative heartworm tests","Negative tests belong in diagnostic_events/lab_results."
"giardia","phenotype_events","diagnosis_problem","giardia","event","present|absent|suspected|rule_out|historical|resolved|normal|abnormal|not_reported","","Giardia infection or positive test.","sample report GIARDIA history; many Giardia negative tests","Test results also in diagnostic_events."
"intestinal_parasites","phenotype_events","diagnosis_problem","intestinal_parasites","event","present|absent|suspected|rule_out|historical|resolved|normal|abnormal|not_reported","","Intestinal parasite infection.","Ova and parasite checks; fecal negative","Do not infer absent unless tested negative."
"urinary_tract_infection","phenotype_events","diagnosis_problem","urinary_tract_infection","event","present|absent|suspected|rule_out|historical|resolved|normal|abnormal|not_reported","","UTI/cystitis.","U-sample report UTI; E coli/Pseudomonas urine cultures","Use culture details."
"recurrent_uti","phenotype_events","diagnosis_problem","recurrent_uti","event","present|absent|suspected|rule_out|historical|resolved|normal|abnormal|not_reported","","Recurrent UTI.","U-sample report recurrent UTI rule-out","Longitudinal condition."
"bacteriuria_or_positive_urine_culture","phenotype_events","diagnosis_problem","bacteriuria_or_positive_urine_culture","event","present|absent|suspected|rule_out|historical|resolved|normal|abnormal|not_reported","","Positive urine culture or bacteria.","U-sample report Escherichia coli and Pseudomonas; urine culture pending","Organism in lab_results/diagnostic_events."
"proteinuria","phenotype_events","diagnosis_problem","proteinuria","event","present|absent|suspected|rule_out|historical|resolved|normal|abnormal|not_reported","","Urine protein or UPC abnormal.","sample report proteinuria and UPC 1.0; UA 3+ protein","Use lab_results values."
"crystalluria","phenotype_events","diagnosis_problem","crystalluria","event","present|absent|suspected|rule_out|historical|resolved|normal|abnormal|not_reported","","Urine crystals.","Calcium oxalate dihydrate crystals; bilirubin crystals","Use crystal type."
"urolithiasis_bladder_stone","phenotype_events","diagnosis_problem","urolithiasis_bladder_stone","event","present|absent|suspected|rule_out|historical|resolved|normal|abnormal|not_reported","","Bladder stone/urolithiasis.","U-sample report bladder stone rule-out","Usually rule-out if not confirmed."
"chronic_rhinitis","phenotype_events","diagnosis_problem","chronic_rhinitis","event","present|absent|suspected|rule_out|historical|resolved|normal|abnormal|not_reported","","Chronic rhinitis.","sample report CT/rhinoscopy diagnosis","Resp/nasal disease."
"atelectasis","phenotype_events","diagnosis_problem","atelectasis","event","present|absent|suspected|rule_out|historical|resolved|normal|abnormal|not_reported","","Atelectasis.","sample report right middle lung lobe atelectasis","Imaging-supported."
"aspiration_pneumonia","phenotype_events","diagnosis_problem","aspiration_pneumonia","event","present|absent|suspected|rule_out|historical|resolved|normal|abnormal|not_reported","","Aspiration pneumonia.","sample report cough rule-out","Preserve rule-out."
"chronic_bronchitis","phenotype_events","diagnosis_problem","chronic_bronchitis","event","present|absent|suspected|rule_out|historical|resolved|normal|abnormal|not_reported","","Chronic bronchitis.","sample report cough rule-out","Preserve rule-out."
"pulmonary_mass_or_carcinoma","phenotype_events","diagnosis_problem","pulmonary_mass_or_carcinoma","event","present|absent|suspected|rule_out|historical|resolved|normal|abnormal|not_reported","","Pulmonary mass, carcinoma, or lung lobe lesion.","sample report pulmonary carcinoma and lung mass","Oncology/respiratory."
"mast_cell_tumor","phenotype_events","diagnosis_problem","mast_cell_tumor","event","present|absent|suspected|rule_out|historical|resolved|normal|abnormal|not_reported","","Mast cell tumor.","sample report MCT cytology/history","Use pathology/cytology evidence."
"hemangioma","phenotype_events","diagnosis_problem","hemangioma","event","present|absent|suspected|rule_out|historical|resolved|normal|abnormal|not_reported","","Benign hemangioma.","sample report histopath hemangioma","Pathology-supported."
"papilloma","phenotype_events","diagnosis_problem","papilloma","event","present|absent|suspected|rule_out|historical|resolved|normal|abnormal|not_reported","","Papilloma.","sample report PAPILLOMA; sample report skin tags/papillomas rule-out","Use body_site."
"infundibular_keratinizing_acanthoma","phenotype_events","diagnosis_problem","infundibular_keratinizing_acanthoma","event","present|absent|suspected|rule_out|historical|resolved|normal|abnormal|not_reported","","Benign cystic skin tumor.","sample report histopath","Pathology-supported."
"benign_skin_cyst","phenotype_events","diagnosis_problem","benign_skin_cyst","event","present|absent|suspected|rule_out|historical|resolved|normal|abnormal|not_reported","","Benign cystic skin growth.","sample report dermal cyst","Pathology-supported."
"anal_sac_or_perianal_mass","phenotype_events","diagnosis_problem","anal_sac_or_perianal_mass","event","present|absent|suspected|rule_out|historical|resolved|normal|abnormal|not_reported","","Anal sac or perianal mass/tumor.","sample report perianal/anal gland tumor rule-out","Separate from abscess."
"neoplasia_suspected","phenotype_events","diagnosis_problem","neoplasia_suspected","event","present|absent|suspected|rule_out|historical|resolved|normal|abnormal|not_reported","","Neoplasia listed as suspected or rule-out.","sample report malignant neoplasia rule-out; sample report neoplasia considered","Do not mark as confirmed."
"lymphadenopathy","phenotype_events","diagnosis_problem","lymphadenopathy","event","present|absent|suspected|rule_out|historical|resolved|normal|abnormal|not_reported","","Enlarged lymph nodes or lymphadenopathy.","sample report suspected lymph node enlargement; normal PLN statements","Capture absent only when explicit."
"patellar_luxation","phenotype_events","diagnosis_problem","patellar_luxation","event","present|absent|suspected|rule_out|historical|resolved|normal|abnormal|not_reported","","Patellar luxation.","AVIE bilateral patellar luxation; sample report absent luxating patellas","Capture laterality."
"osteoarthritis","phenotype_events","diagnosis_problem","osteoarthritis","event","present|absent|suspected|rule_out|historical|resolved|normal|abnormal|not_reported","","Osteoarthritis or degenerative joint disease.","sample report progressive LS osteoarthritis","Use imaging if available."
"iliopsoas_sprain_strain","phenotype_events","diagnosis_problem","iliopsoas_sprain_strain","event","present|absent|suspected|rule_out|historical|resolved|normal|abnormal|not_reported","","Iliopsoas/psoas sprain, strain, or pain.","sample report iliopsoas sprain and psoas pain","MSK/neuro overlap."
"degenerative_lumbosacral_stenosis","phenotype_events","diagnosis_problem","degenerative_lumbosacral_stenosis","event","present|absent|suspected|rule_out|historical|resolved|normal|abnormal|not_reported","","DLSS or LS foraminal stenosis.","sample report DLSS diagnosed Jan 2020","Longitudinal neuro/ortho condition."
"intervertebral_disc_disease","phenotype_events","diagnosis_problem","intervertebral_disc_disease","event","present|absent|suspected|rule_out|historical|resolved|normal|abnormal|not_reported","","IVDD, disc extrusion, protrusion, degeneration.","sample report LS IVDD and disc extrusion/protrusion","Use site if stated."
"lumbosacral_subluxation_instability","phenotype_events","diagnosis_problem","lumbosacral_subluxation_instability","event","present|absent|suspected|rule_out|historical|resolved|normal|abnormal|not_reported","","L7-S1 subluxation or instability.","sample report LS subluxation/instability","Imaging-supported."
"discospondylitis_osteomyelitis","phenotype_events","diagnosis_problem","discospondylitis_osteomyelitis","event","present|absent|suspected|rule_out|historical|resolved|normal|abnormal|not_reported","","Discospondylitis or osteomyelitis.","sample report active discospondylitis; osteomyelitis","Infectious/neuro."
"implant_infection_or_loosening","phenotype_events","diagnosis_problem","implant_infection_or_loosening","event","present|absent|suspected|rule_out|historical|resolved|normal|abnormal|not_reported","","Implant-associated infection or loosening.","sample report implant loosening/infection","Procedure context."
"septic_arthritis","phenotype_events","diagnosis_problem","septic_arthritis","event","present|absent|suspected|rule_out|historical|resolved|normal|abnormal|not_reported","","Septic arthritis.","sample report early left sacroiliac septic arthritis rule-out/suspected","Preserve uncertainty."
"cervical_pain","phenotype_events","diagnosis_problem","cervical_pain","event","present|absent|suspected|rule_out|historical|resolved|normal|abnormal|not_reported","","Neck/cervical pain.","sample report cervical pain after rehab","Capture trigger and status."
"l4_s2_myelopathy","phenotype_events","diagnosis_problem","l4_s2_myelopathy","event","present|absent|suspected|rule_out|historical|resolved|normal|abnormal|not_reported","","L4-S2 myelopathy.","sample report L4-S2 myelopathy rule-out","Specialty neuro phenotype."
"immune_mediated_thrombocytopenia","phenotype_events","diagnosis_problem","immune_mediated_thrombocytopenia","event","present|absent|suspected|rule_out|historical|resolved|normal|abnormal|not_reported","","IMTP/ITP.","sample report immune mediated thrombocytopenia","Heme/immune."
"thrombocytopenia","phenotype_events","diagnosis_problem","thrombocytopenia","event","present|absent|suspected|rule_out|historical|resolved|normal|abnormal|not_reported","","Low platelets.","sample report platelet count 11; sample report platelet low/clumped","Lab value in lab_results."
"anemia","phenotype_events","diagnosis_problem","anemia","event","present|absent|suspected|rule_out|historical|resolved|normal|abnormal|not_reported","","Anemia.","sample report low RBC/HGB/HCT","Lab-supported."
"reticulocytosis","phenotype_events","diagnosis_problem","reticulocytosis","event","present|absent|suspected|rule_out|historical|resolved|normal|abnormal|not_reported","","High reticulocytes.","sample report/reference lab retic high; sample report reticulocyte high","Lab-supported."
"coagulopathy","phenotype_events","diagnosis_problem","coagulopathy","event","present|absent|suspected|rule_out|historical|resolved|normal|abnormal|not_reported","","Coagulation disorder or bleeding disorder.","sample report coagulopathy secondary to chemotherapy rule-out","Use PT/PTT."
"hypothyroidism_suspected","phenotype_events","diagnosis_problem","hypothyroidism_suspected","event","present|absent|suspected|rule_out|historical|resolved|normal|abnormal|not_reported","","Hypothyroidism or endocrine disease suspected.","sample report suspect hypothyroidism; sample report emerging thyroid disease rule-out","Use thyroid labs."
"hyperadrenocorticism_cushing_suspected","phenotype_events","diagnosis_problem","hyperadrenocorticism_cushing_suspected","event","present|absent|suspected|rule_out|historical|resolved|normal|abnormal|not_reported","","Cushing/hyperadrenocorticism concern or testing.","sample report Discuss Cushings Testing; PU/PD weight gain","Preserve test status."
"hypoadrenocorticism_addison_ruleout","phenotype_events","diagnosis_problem","hypoadrenocorticism_addison_ruleout","event","present|absent|suspected|rule_out|historical|resolved|normal|abnormal|not_reported","","Addison/hypoadrenocorticism suspected or ruled out.","sample report Addison ruled out by baseline cortisol","Use rule_out/resolved status."
"proestrus_estrus_reproductive_cycle","phenotype_events","diagnosis_problem","proestrus_estrus_reproductive_cycle","event","present|absent|suspected|rule_out|historical|resolved|normal|abnormal|not_reported","","Proestrus/estrus/reproductive cycle status.","sample report apparently healthy dog in proestrus","Reproductive phenotype."
"progesterone_tracking","phenotype_events","diagnosis_problem","progesterone_tracking","event","present|absent|suspected|rule_out|historical|resolved|normal|abnormal|not_reported","","Progesterone testing for reproductive timing.","sample report PROG values","Lab values in lab_results."
"rattlesnake_envenomation","phenotype_events","diagnosis_problem","rattlesnake_envenomation","event","present|absent|suspected|rule_out|historical|resolved|normal|abnormal|not_reported","","Rattlesnake bite/envenomation.","sample report rattlesnake envenomation with necrotic wound","Trauma/toxicology."
"dog_bite","phenotype_events","diagnosis_problem","dog_bite","event","present|absent|suspected|rule_out|historical|resolved|normal|abnormal|not_reported","","Dog bite.","sample report DOG BITE","Trauma event."
"paw_pad_laceration_or_infection","phenotype_events","diagnosis_problem","paw_pad_laceration_or_infection","event","present|absent|suspected|rule_out|historical|resolved|normal|abnormal|not_reported","","Paw/pad laceration, puncture, or infection.","sample report paw laceration; sample report nonhealing pad wound","Use body site/laterality."
"torn_fractured_nail","phenotype_events","diagnosis_problem","torn_fractured_nail","event","present|absent|suspected|rule_out|historical|resolved|normal|abnormal|not_reported","","Torn or fractured nail.","sample report torn nail/fractured nail","Trauma."
"bandage_complication","phenotype_events","diagnosis_problem","bandage_complication","event","present|absent|suspected|rule_out|historical|resolved|normal|abnormal|not_reported","","Bandage irritation, chewed bandage, bandage change.","sample report bandage change; sample report got bandage off; sample report bandage irritation","Procedure context."
"postoperative_healing_status","phenotype_events","diagnosis_problem","postoperative_healing_status","event","present|absent|suspected|rule_out|historical|resolved|normal|abnormal|not_reported","","Postoperative healing or incision status.","sample report post-neuter doing well; sample report healing post-surgery; sample report post-sx recheck","Capture normal/abnormal."
"anal_gland_abscess_or_disease","phenotype_events","diagnosis_problem","anal_gland_abscess_or_disease","event","present|absent|suspected|rule_out|historical|resolved|normal|abnormal|not_reported","","Anal gland abscess, anal sac disease, expression issues.","sample report anal gland abscess and surgery","Perineal/anal."
"total_protein","lab_results","chemistry","total_protein","lab_result","value|unit|reference_low|reference_high|flag|specimen|collection_date|source_panel|evidence","g/dL","Total serum protein.","sample reports; AVIE labs","Use long lab_results rows."
"albumin","lab_results","chemistry","albumin","lab_result","value|unit|reference_low|reference_high|flag|specimen|collection_date|source_panel|evidence","g/dL","Albumin.","sample reports; AVIE labs","Use raw analyte synonym too."
"globulin","lab_results","chemistry","globulin","lab_result","value|unit|reference_low|reference_high|flag|specimen|collection_date|source_panel|evidence","g/dL","Globulin.","sample reports; AVIE labs","Use raw analyte synonym too."
"a_g_ratio","lab_results","chemistry","a_g_ratio","lab_result","value|unit|reference_low|reference_high|flag|specimen|collection_date|source_panel|evidence","ratio","Albumin/globulin ratio.","A/G Ratio; Alb/GLOB Ratio","Normalize synonyms."
"ast_sgot","lab_results","chemistry","ast_sgot","lab_result","value|unit|reference_low|reference_high|flag|specimen|collection_date|source_panel|evidence","U/L","AST/SGOT.","AST SGOT lines","Normalize AST labels."
"alt_sgpt","lab_results","chemistry","alt_sgpt","lab_result","value|unit|reference_low|reference_high|flag|specimen|collection_date|source_panel|evidence","U/L","ALT/SGPT.","ALT SGPT/GPT lines","Normalize ALT labels."
"alkaline_phosphatase_alp","lab_results","chemistry","alkaline_phosphatase_alp","lab_result","value|unit|reference_low|reference_high|flag|specimen|collection_date|source_panel|evidence","U/L","Alkaline phosphatase.","ALP; Alk Phosphatase","Normalize synonyms."
"ggt_ggtp","lab_results","chemistry","ggt_ggtp","lab_result","value|unit|reference_low|reference_high|flag|specimen|collection_date|source_panel|evidence","U/L","GGT/GGTP.","GGT; GGTP","Normalize synonyms."
"total_bilirubin","lab_results","chemistry","total_bilirubin","lab_result","value|unit|reference_low|reference_high|flag|specimen|collection_date|source_panel|evidence","mg/dL","Total bilirubin.","Total Bilirubin lines","Use serum chemistry."
"bun_urea_nitrogen","lab_results","chemistry","bun_urea_nitrogen","lab_result","value|unit|reference_low|reference_high|flag|specimen|collection_date|source_panel|evidence","mg/dL","BUN or urea nitrogen.","BUN; Urea Nitrogen","Normalize synonyms."
"creatinine","lab_results","chemistry","creatinine","lab_result","value|unit|reference_low|reference_high|flag|specimen|collection_date|source_panel|evidence","mg/dL","Creatinine.","Creatinine; Creat","Normalize synonyms."
"bun_creatinine_ratio","lab_results","chemistry","bun_creatinine_ratio","lab_result","value|unit|reference_low|reference_high|flag|specimen|collection_date|source_panel|evidence","ratio","BUN/creatinine ratio.","BUN/Creatinine Ratio; BUN/CREA","Normalize synonyms."
"sdma","lab_results","renal","sdma","lab_result","value|unit|reference_low|reference_high|flag|specimen|collection_date|source_panel|evidence","ug/dL","SDMA.","sample report; AVIE; reference lab labs","Use renal context."
"phosphorus","lab_results","chemistry","phosphorus","lab_result","value|unit|reference_low|reference_high|flag|specimen|collection_date|source_panel|evidence","mg/dL","Phosphorus.","sample reports; sample report labs",""
"glucose_blood","lab_results","chemistry","glucose_blood","lab_result","value|unit|reference_low|reference_high|flag|specimen|collection_date|source_panel|evidence","mg/dL","Blood glucose.","Glucose in chem panels; blood gas","Different from urine glucose."
"calcium_total","lab_results","chemistry","calcium_total","lab_result","value|unit|reference_low|reference_high|flag|specimen|collection_date|source_panel|evidence","mg/dL","Total calcium.","Calcium in chemistry panels",""
"calcium_ionized","lab_results","blood_gas","calcium_ionized","lab_result","value|unit|reference_low|reference_high|flag|specimen|collection_date|source_panel|evidence","mmol/L","Ionized calcium.","Ca++ in sample report blood gas",""
"magnesium","lab_results","chemistry","magnesium","lab_result","value|unit|reference_low|reference_high|flag|specimen|collection_date|source_panel|evidence","mEq/L or mmol/L","Magnesium.","sample reports; blood gas","Retain unit."
"sodium","lab_results","electrolyte","sodium","lab_result","value|unit|reference_low|reference_high|flag|specimen|collection_date|source_panel|evidence","mEq/L or mmol/L","Sodium.","Na; Sodium","Normalize synonyms."
"potassium","lab_results","electrolyte","potassium","lab_result","value|unit|reference_low|reference_high|flag|specimen|collection_date|source_panel|evidence","mEq/L or mmol/L","Potassium.","K; Potassium","Normalize synonyms."
"sodium_potassium_ratio","lab_results","electrolyte","sodium_potassium_ratio","lab_result","value|unit|reference_low|reference_high|flag|specimen|collection_date|source_panel|evidence","ratio","Na/K ratio.","Na/K Ratio; Sodium:Potassium Ratio","Endocrine/renal context."
"chloride","lab_results","electrolyte","chloride","lab_result","value|unit|reference_low|reference_high|flag|specimen|collection_date|source_panel|evidence","mEq/L or mmol/L","Chloride.","Cl; Chloride","Normalize synonyms."
"cholesterol","lab_results","chemistry","cholesterol","lab_result","value|unit|reference_low|reference_high|flag|specimen|collection_date|source_panel|evidence","mg/dL","Cholesterol.","sample report; sample report labs",""
"triglycerides","lab_results","chemistry","triglycerides","lab_result","value|unit|reference_low|reference_high|flag|specimen|collection_date|source_panel|evidence","mg/dL","Triglycerides.","sample report; sample report labs",""
"amylase","lab_results","chemistry","amylase","lab_result","value|unit|reference_low|reference_high|flag|specimen|collection_date|source_panel|evidence","U/L","Amylase.","sample reports; AVIE labs","Pancreas/GI context."
"lipase","lab_results","chemistry","lipase","lab_result","value|unit|reference_low|reference_high|flag|specimen|collection_date|source_panel|evidence","U/L","Lipase.","sample report labs",""
"precision_psl_pli","lab_results","pancreas","precision_psl_pli","lab_result","value|unit|reference_low|reference_high|flag|specimen|collection_date|source_panel|evidence","U/L","PrecisionPSL or PLI pancreatic marker.","sample report and AVIE PrecisionPSL","Use pancreatitis phenotype separately if source supports."
"ck_cpk","lab_results","chemistry","ck_cpk","lab_result","value|unit|reference_low|reference_high|flag|specimen|collection_date|source_panel|evidence","U/L","CK/CPK.","sample report CPK; sample report CK","Muscle/liver context."
"lactate","lab_results","blood_gas","lactate","lab_result","value|unit|reference_low|reference_high|flag|specimen|collection_date|source_panel|evidence","mmol/L","Lactate.","sample report venous blood gas",""
"blood_gas_ph","lab_results","blood_gas","blood_gas_ph","lab_result","value|unit|reference_low|reference_high|flag|specimen|collection_date|source_panel|evidence","","Blood gas pH.","sample report pH","Separate from urine pH."
"po2","lab_results","blood_gas","po2","lab_result","value|unit|reference_low|reference_high|flag|specimen|collection_date|source_panel|evidence","mmHg","Blood gas PO2.","sample report PO2",""
"pco2","lab_results","blood_gas","pco2","lab_result","value|unit|reference_low|reference_high|flag|specimen|collection_date|source_panel|evidence","mmHg","Blood gas PCO2.","sample report PCO2",""
"hco3","lab_results","blood_gas","hco3","lab_result","value|unit|reference_low|reference_high|flag|specimen|collection_date|source_panel|evidence","mmol/L","Bicarbonate.","sample report HCO3",""
"base_excess","lab_results","blood_gas","base_excess","lab_result","value|unit|reference_low|reference_high|flag|specimen|collection_date|source_panel|evidence","mmol/L","Base excess.","sample report BE values",""
"anion_gap","lab_results","blood_gas","anion_gap","lab_result","value|unit|reference_low|reference_high|flag|specimen|collection_date|source_panel|evidence","mmol/L","Anion gap.","sample report Gap",""
"osmolality","lab_results","blood_gas","osmolality","lab_result","value|unit|reference_low|reference_high|flag|specimen|collection_date|source_panel|evidence","mOsm/kg","Osmolality.","sample report Osm",""
"wbc","lab_results","cbc","wbc","lab_result","value|unit|reference_low|reference_high|flag|specimen|collection_date|source_panel|evidence","K/uL or 10^3/uL","White blood cell count.","CBC in most lab reports","Normalize unit."
"rbc","lab_results","cbc","rbc","lab_result","value|unit|reference_low|reference_high|flag|specimen|collection_date|source_panel|evidence","M/uL or 10^6/uL","Red blood cell count.","CBC in most lab reports","Normalize unit."
"hemoglobin_hgb","lab_results","cbc","hemoglobin_hgb","lab_result","value|unit|reference_low|reference_high|flag|specimen|collection_date|source_panel|evidence","g/dL","Hemoglobin.","HGB; Hemoglobin","Normalize synonyms."
"hematocrit_hct_pcv","lab_results","cbc","hematocrit_hct_pcv","lab_result","value|unit|reference_low|reference_high|flag|specimen|collection_date|source_panel|evidence","%","Hematocrit or PCV.","HCT; Hematocrit; PCV","Normalize synonyms."
"mcv","lab_results","cbc","mcv","lab_result","value|unit|reference_low|reference_high|flag|specimen|collection_date|source_panel|evidence","fL","MCV.","CBC panels",""
"mch","lab_results","cbc","mch","lab_result","value|unit|reference_low|reference_high|flag|specimen|collection_date|source_panel|evidence","pg","MCH.","CBC panels",""
"mchc","lab_results","cbc","mchc","lab_result","value|unit|reference_low|reference_high|flag|specimen|collection_date|source_panel|evidence","g/dL","MCHC.","CBC panels",""
"platelet_count","lab_results","cbc","platelet_count","lab_result","value|unit|reference_low|reference_high|flag|specimen|collection_date|source_panel|evidence","K/uL or 10^3/uL","Platelet count.","PLT; Platelet Count","Use platelet_estimate for clumping."
"platelet_estimate","lab_results","cbc","platelet_estimate","lab_result","adequate|decreased|clumped|not_reported","","Platelet estimate or qualifier.","adequate; clumped; decreased","Important for thrombocytopenia interpretation."
"neutrophils_percent","lab_results","cbc_differential","neutrophils_percent","lab_result","value|unit|reference_low|reference_high|flag|specimen|collection_date|source_panel|evidence","%","Neutrophils percent.","CBC differential",""
"neutrophils_absolute","lab_results","cbc_differential","neutrophils_absolute","lab_result","value|unit|reference_low|reference_high|flag|specimen|collection_date|source_panel|evidence","/uL","Absolute neutrophils.","CBC differential",""
"bands_percent","lab_results","cbc_differential","bands_percent","lab_result","value|unit|reference_low|reference_high|flag|specimen|collection_date|source_panel|evidence","%","Bands percent.","sample report; sample report labs",""
"lymphocytes_percent","lab_results","cbc_differential","lymphocytes_percent","lab_result","value|unit|reference_low|reference_high|flag|specimen|collection_date|source_panel|evidence","%","Lymphocytes percent.","CBC differential",""
"lymphocytes_absolute","lab_results","cbc_differential","lymphocytes_absolute","lab_result","value|unit|reference_low|reference_high|flag|specimen|collection_date|source_panel|evidence","/uL","Absolute lymphocytes.","CBC differential",""
"monocytes_percent","lab_results","cbc_differential","monocytes_percent","lab_result","value|unit|reference_low|reference_high|flag|specimen|collection_date|source_panel|evidence","%","Monocytes percent.","CBC differential",""
"monocytes_absolute","lab_results","cbc_differential","monocytes_absolute","lab_result","value|unit|reference_low|reference_high|flag|specimen|collection_date|source_panel|evidence","/uL","Absolute monocytes.","CBC differential",""
"eosinophils_percent","lab_results","cbc_differential","eosinophils_percent","lab_result","value|unit|reference_low|reference_high|flag|specimen|collection_date|source_panel|evidence","%","Eosinophils percent.","CBC differential","Allergy/GI context."
"eosinophils_absolute","lab_results","cbc_differential","eosinophils_absolute","lab_result","value|unit|reference_low|reference_high|flag|specimen|collection_date|source_panel|evidence","/uL","Absolute eosinophils.","CBC differential",""
"basophils_percent","lab_results","cbc_differential","basophils_percent","lab_result","value|unit|reference_low|reference_high|flag|specimen|collection_date|source_panel|evidence","%","Basophils percent.","CBC differential",""
"basophils_absolute","lab_results","cbc_differential","basophils_absolute","lab_result","value|unit|reference_low|reference_high|flag|specimen|collection_date|source_panel|evidence","/uL","Absolute basophils.","CBC differential",""
"reticulocyte_percent","lab_results","cbc","reticulocyte_percent","lab_result","value|unit|reference_low|reference_high|flag|specimen|collection_date|source_panel|evidence","%","Reticulocyte percent.","sample reports reference lab panels",""
"reticulocyte_absolute","lab_results","cbc","reticulocyte_absolute","lab_result","value|unit|reference_low|reference_high|flag|specimen|collection_date|source_panel|evidence","K/uL","Absolute reticulocyte count.","sample reports retic high",""
"reticulocyte_hgb","lab_results","cbc","reticulocyte_hgb","lab_result","value|unit|reference_low|reference_high|flag|specimen|collection_date|source_panel|evidence","pg","Reticulocyte hemoglobin.","sample report reference lab CBC",""
"rbc_morphology","lab_results","cbc_morphology","rbc_morphology","lab_result","text","","RBC morphology.","poikilocytosis; crenation; normal","Text value."
"wbc_morphology","lab_results","cbc_morphology","wbc_morphology","lab_result","text","","WBC morphology.","reactive lymphocytes; normal","Text value."
"hemoparasites","lab_results","cbc_morphology","hemoparasites","lab_result","seen|none_seen|not_reported","","Hemoparasites or blood parasites.","None Seen","Text/enum."
"total_t4","lab_results","endocrine","total_t4","lab_result","value|unit|reference_low|reference_high|flag|specimen|collection_date|source_panel|evidence","ug/dL","Total T4.","sample reports; AVIE; sample report","Thyroid context."
"free_t4","lab_results","endocrine","free_t4","lab_result","value|unit|reference_low|reference_high|flag|specimen|collection_date|source_panel|evidence","pmol/L or ng/dL","Free T4.","sample report Free T4 dialysis","Thyroid context."
"tsh","lab_results","endocrine","tsh","lab_result","value|unit|reference_low|reference_high|flag|specimen|collection_date|source_panel|evidence","ng/mL","TSH.","sample report TSH","Thyroid context."
"baseline_cortisol","lab_results","endocrine","baseline_cortisol","lab_result","value|unit|reference_low|reference_high|flag|specimen|collection_date|source_panel|evidence","ug/dL","Baseline cortisol/Addison screen.","sample report baseline cortisol","Use with Addison rule-out."
"progesterone","lab_results","reproductive","progesterone","lab_result","value|unit|reference_low|reference_high|flag|specimen|collection_date|source_panel|evidence","ng/mL","Progesterone.","sample report PROG values","Reproductive tracking."
"cobalamin_b12","lab_results","gi_nutrition","cobalamin_b12","lab_result","value|unit|reference_low|reference_high|flag|specimen|collection_date|source_panel|evidence","","Cobalamin/B12.","sample report GI panel discussions","Include when found."
"folate","lab_results","gi_nutrition","folate","lab_result","value|unit|reference_low|reference_high|flag|specimen|collection_date|source_panel|evidence","","Folate.","sample report GI panel discussions","Include when found."
"tli","lab_results","gi_nutrition","tli","lab_result","value|unit|reference_low|reference_high|flag|specimen|collection_date|source_panel|evidence","","Trypsin-like immunoreactivity.","sample reports EPI workup context","Include when found."
"urine_collection_method","lab_results","urinalysis","urine_collection_method","lab_result","free_catch|cystocentesis|catheter|unknown","","Urine collection method.","cystocentesis; catheter; urine sample","Specimen metadata."
"urine_color","lab_results","urinalysis","urine_color","lab_result","text","","Urine color.","Yellow","UA metadata."
"urine_clarity_transparency","lab_results","urinalysis","urine_clarity_transparency","lab_result","text","","Urine clarity/transparency.","slightly hazy","UA metadata."
"urine_specific_gravity","lab_results","urinalysis","urine_specific_gravity","lab_result","value|reference_low|reference_high|flag|evidence","","Urine specific gravity.","1.048; 1.076 high","Renal/urine concentration."
"urine_ph","lab_results","urinalysis","urine_ph","lab_result","value|reference_low|reference_high|flag|evidence","","Urine pH.","6.5; 7.5","Separate from blood gas pH."
"urine_protein","lab_results","urinalysis","urine_protein","lab_result","negative|trace|1+|2+|3+|4+|numeric","","Urine protein.","negative; 1+; 3+; 2000/++++","Use proteinuria phenotype if abnormal."
"urine_glucose","lab_results","urinalysis","urine_glucose","lab_result","negative|positive|trace|numeric","","Urine glucose.","Negative","Different from blood glucose."
"urine_ketones","lab_results","urinalysis","urine_ketones","lab_result","negative|positive|trace|numeric","","Urine ketones.","Negative; trace ketones",""
"urine_bilirubin","lab_results","urinalysis","urine_bilirubin","lab_result","negative|1+|2+|3+|numeric","","Urine bilirubin.","Negative; 1+",""
"urine_blood_hgb","lab_results","urinalysis","urine_blood_hgb","lab_result","negative|positive|trace|numeric","","Urine blood/HGB.","Negative; small",""
"urine_wbc_hpf","lab_results","urinalysis","urine_wbc_hpf","lab_result","value|range|flag","/HPF","Urine WBC.","0-5; 21-50",""
"urine_rbc_hpf","lab_results","urinalysis","urine_rbc_hpf","lab_result","value|range|flag","/HPF","Urine RBC.","rare; 4-10; none",""
"urine_epithelial_cells","lab_results","urinalysis","urine_epithelial_cells","lab_result","value|range|type","/HPF","Squamous/transitional/renal epithelial cells.","squamous 0-5; transitional 2-3",""
"urine_casts","lab_results","urinalysis","urine_casts","lab_result","value|type","/LPF","Urine casts.","none seen; granular few",""
"urine_crystals","lab_results","urinalysis","urine_crystals","lab_result","text","","Urine crystals.","calcium oxalate dihydrate; bilirubin crystals; none observed","Use crystalluria phenotype if abnormal."
"urine_bacteria","lab_results","urinalysis","urine_bacteria","lab_result","value|range|flag","/HPF","Urine bacteria.","rare; none seen","Use culture for organism."
"urine_fat_droplets","lab_results","urinalysis","urine_fat_droplets","lab_result","value|range","/HPF","Urine fat droplets.","few; many; 4-10",""
"urine_protein_creatinine_ratio","lab_results","urinalysis","urine_protein_creatinine_ratio","lab_result","value|reference|flag","ratio","UPC ratio.","sample report UPC 1.0","Use proteinuria phenotype if abnormal."
"urine_culture_organism","lab_results","microbiology","urine_culture_organism","lab_result","text","","Urine culture organism.","Escherichia coli; Pseudomonas aeruginosa; pending","Use susceptibility rows/details."
"urine_culture_susceptibility","lab_results","microbiology","urine_culture_susceptibility","lab_result","text","","Antibiotic susceptibility/resistance.","U-sample report culture reports","Can be separate normalized table later."
"prothrombin_time_pt","lab_results","coagulation","prothrombin_time_pt","lab_result","value|unit|reference_low|reference_high|flag|evidence","seconds","PT/prothrombin time.","sample report pre-op; sample report PT; sample report coag profile","Coag context."
"partial_thromboplastin_time_ptt_aptt","lab_results","coagulation","partial_thromboplastin_time_ptt_aptt","lab_result","value|unit|reference_low|reference_high|flag|evidence","seconds","PTT/aPTT.","sample report PTT; sample report coag profile","Coag context."
"heartworm_antigen_test","diagnostic_events","infectious_parasite_test","heartworm_antigen_test","diagnostic_event","positive|negative|pending|not_reported","","Heartworm antigen test.","sample reports; AVIE; sample report; sample report negative tests","Diagnostic event, not necessarily disease."
"four_dx_vector_borne_panel","diagnostic_events","infectious_parasite_test","four_dx_vector_borne_panel","diagnostic_event","positive|negative|mixed|pending|not_reported","","Heartworm/Ehrlichia/Lyme/Anaplasma SNAP or 4DX.","sample report 4DX neg; sample report SNAP4Dx negative","Store component if available."
"ova_and_parasite_fecal_float","diagnostic_events","infectious_parasite_test","ova_and_parasite_fecal_float","diagnostic_event","positive|negative|pending|not_reported","","Ova/parasite/fecal float.","sample report; AVIE; puppy reports; sample report fecal negative","Diagnostic event."
"giardia_elisa","diagnostic_events","infectious_parasite_test","giardia_elisa","diagnostic_event","positive|negative|pending|not_reported","","Giardia ELISA.","AVIE and puppy reports negative; sample report Giardia history","Diagnostic event."
"fecal_analysis","diagnostic_events","infectious_gi_test","fecal_analysis","diagnostic_event","text","","General fecal analysis.","Fecal analysis sections","Use specific tests when possible."
"cocci_valley_fever_titer","diagnostic_events","infectious_respiratory_test","cocci_valley_fever_titer","diagnostic_event","numeric_or_text","","Coccidioides/Valley Fever titer or panel.","sample report Valley Fever study and cocci panel","Store value if present."
"brucella_canis_test","diagnostic_events","infectious_test","brucella_canis_test","diagnostic_event","positive|negative|pending|not_reported","","Brucella canis test.","sample report discospondylitis workup",""
"aspergillus_test","diagnostic_events","infectious_test","aspergillus_test","diagnostic_event","positive|negative|pending|not_reported","","Aspergillus testing.","sample report discospondylitis workup",""
"blood_culture","diagnostic_events","microbiology","blood_culture","diagnostic_event","positive|negative|pending|not_reported","","Blood culture.","sample report active discospondylitis workup",""
"urine_culture","diagnostic_events","microbiology","urine_culture","diagnostic_event","positive|negative|pending|not_reported","","Urine culture.","U-sample report; sample report pending urine culture","Organism in lab_results."
"radiographs_xray","diagnostic_events","imaging","radiographs_xray","diagnostic_event","performed|recommended|declined|not_reported","","Radiographs or X-ray.","sample report chest rads; sample report x-rays; sample report rads option","Store body_site and impression."
"ultrasound","diagnostic_events","imaging","ultrasound","diagnostic_event","performed|recommended|declined|not_reported","","Ultrasound.","sample report abdominal ultrasound; sample report ultrasound-guided aspirate discussion","Store findings."
"ct","diagnostic_events","imaging","ct","diagnostic_event","performed|recommended|declined|not_reported","","CT.","sample report spine/head CT; sample report CT discussion","Store body_site."
"rhinoscopy","diagnostic_events","endoscopy_imaging","rhinoscopy","diagnostic_event","performed|recommended|declined|not_reported","","Rhinoscopy.","sample report chronic rhinitis diagnosed via CT/rhinoscopy",""
"endoscopy_biopsy","diagnostic_events","endoscopy_pathology","endoscopy_biopsy","diagnostic_event","performed|recommended|declined|not_reported","","Endoscopy and biopsy.","sample report stomach/duodenal biopsy",""
"echocardiogram","diagnostic_events","cardiology_imaging","echocardiogram","diagnostic_event","performed|normal|abnormal|not_reported","","Echocardiogram.","sample report echo within normal limits",""
"fna_cytology","diagnostic_events","pathology","fna_cytology","diagnostic_event","performed|recommended|declined|not_reported","","Fine needle aspirate/cytology.","sample report FNA bloody; MCT cytology; sample report lung aspirate discussion","Store site and interpretation."
"histopathology","diagnostic_events","pathology","histopathology","diagnostic_event","performed|recommended|declined|not_reported","","Histopathology.","sample report panniculitis; sample report hemangioma; skin tumors","Store diagnosis and margins."
"cancer_screen_nuq","diagnostic_events","oncology_test","cancer_screen_nuq","diagnostic_event","positive|negative|equivocal|pending|not_reported","","Nu.Q cancer screen.","sample report NuQ pending/equivocal",""
"coagulation_profile","diagnostic_events","coagulation","coagulation_profile","diagnostic_event","performed|normal|abnormal|not_reported","","Coagulation profile.","sample report coag profile; sample report pre-op coags","Use lab_results for PT/PTT."
"current_medication","medication_events","medication_context","current_medication","event","present|historical|discontinued|not_reported","","Medication currently or historically taken.","Current meds lists in sample reports; sample report","Context only unless source links to condition."
"antibiotic","medication_events","medication_context","antibiotic","event","present|historical|discontinued|not_reported","","Antibiotic exposure.","cephalexin; doxycycline; clavamox; metronidazole; TMS; Baytril","Medication class context."
"antifungal","medication_events","medication_context","antifungal","event","present|historical|discontinued|not_reported","","Antifungal exposure.","fluconazole; terbinafine; ketoconazole","Medication class context."
"steroid","medication_events","medication_context","steroid","event","present|historical|discontinued|not_reported","","Steroid exposure.","prednisone; prednisolone","May influence PU/PD and labs; do not infer diagnosis alone."
"nsaid","medication_events","medication_context","nsaid","event","present|historical|discontinued|not_reported","","NSAID exposure.","carprofen; Novox","Medication class context."
"analgesic_neuropathic_pain_med","medication_events","medication_context","analgesic_neuropathic_pain_med","event","present|historical|discontinued|not_reported","","Pain or neuropathic pain medication.","gabapentin; pregabalin; codeine; buprenex","Context for pain conditions."
"antiemetic_appetite_gi_med","medication_events","medication_context","antiemetic_appetite_gi_med","event","present|historical|discontinued|not_reported","","GI/appetite/antiemetic medication.","Cerenia; Entyce; mirtazapine; omeprazole; Proviable","Medication class context."
"chemotherapy_oncology_med","medication_events","medication_context","chemotherapy_oncology_med","event","present|historical|discontinued|not_reported","","Chemotherapy or oncology medication.","Palladia; satraplatin","Oncology context."
"allergy_dermatology_med","medication_events","medication_context","allergy_dermatology_med","event","present|historical|discontinued|not_reported","","Allergy/dermatology medication.","Apoquel; Cytopoint; topical sprays; ear drops; shampoos","Context for dermatitis."
"parasite_preventive","medication_events","preventive_context","parasite_preventive","event","present|historical|discontinued|not_reported","","Heartworm/flea/tick preventive.","Sentinel; Heartgard; Bravecto; NexGard; Simparica Trio","Preventive medication."
"supplement","medication_events","medication_context","supplement","event","present|historical|discontinued|not_reported","","Supplements and nutraceuticals.","Denamarin; yunnan baiyao; D-mannose; Fortiflora; hepato support","Context only."
"neuter_castration","procedure_events","procedure","neuter_castration","event","performed|recommended|declined|historical|not_reported","","Neuter/castration.","sample report neuter; sample report neuter","Procedure context."
"spay","procedure_events","procedure","spay","event","performed|recommended|declined|historical|not_reported","","Spay procedure.","Spay status in FS dogs","Procedure if surgical event available."
"dental_cleaning_or_extraction","procedure_events","procedure","dental_cleaning_or_extraction","event","performed|recommended|declined|historical|not_reported","","Dental procedure, extraction, or dental radiographs.","sample report dental surgery; sample report dental retained tooth extraction; sample report dental cleaning","Procedure context."
"mass_removal","procedure_events","procedure","mass_removal","event","performed|recommended|declined|historical|not_reported","","Mass/tumor/skin lesion removal.","sample report tumor removal; sample report mass removals; sample report MCT excision","Link to pathology."
"anal_gland_surgery","procedure_events","procedure","anal_gland_surgery","event","performed|recommended|declined|historical|not_reported","","Anal gland/perianal surgery.","sample report anal gland surgery","Procedure context."
"gastropexy","procedure_events","procedure","gastropexy","event","performed|recommended|declined|historical|not_reported","","Gastropexy.","sample report laparoscopic gastropexy","Procedure context."
"spinal_surgery","procedure_events","procedure","spinal_surgery","event","performed|recommended|declined|historical|not_reported","","Spinal/lumbosacral surgery or implant removal.","sample report dorsal laminectomy; stabilization; implants","Procedure context."
"bandage_change","procedure_events","procedure","bandage_change","event","performed|recommended|declined|historical|not_reported","","Bandage change/application.","sample report bandage application; sample report bandage changes","Procedure context."
"wound_cleaning_debridement","procedure_events","procedure","wound_cleaning_debridement","event","performed|recommended|declined|historical|not_reported","","Wound cleaning, clipping, hydrotherapy, debridement.","sample report snake wound cleaning; sample report clip and clean wound","Procedure context."
"subcutaneous_fluids","procedure_events","procedure","subcutaneous_fluids","event","performed|recommended|declined|historical|not_reported","","Subcutaneous fluids.","sample report SQ fluids recommended","Procedure context."
"vaccination_administered","procedure_events","preventive_procedure","vaccination_administered","event","performed|recommended|declined|historical|not_reported","","Vaccines administered.","Rabies; DHPP; Bordetella; Lepto; puppy vaccines","Can become vaccine_events later."
"rehabilitation_physical_therapy","procedure_events","rehab","rehabilitation_physical_therapy","event","performed|recommended|declined|historical|not_reported","","Rehab/PT sessions.","sample report rehab package, gait improvements","Use rehab metrics if available."
"acupuncture","procedure_events","rehab","acupuncture","event","performed|recommended|declined|historical|not_reported","","Acupuncture.","sample report acupuncture visits","Procedure context."
"dog_id","phenotype_events","common_event_columns","dog_id","string","","","Stable dog id.","All event tables","Also include in lab/diagnostic/med/procedure tables."
"event_id","phenotype_events","common_event_columns","event_id","string","","","Stable event id.","All event tables","Generated by pipeline."
"status","phenotype_events","common_event_columns","status","enum","present|absent|suspected|rule_out|historical|resolved|normal|abnormal|not_reported","","Assertion status.","Assessments, rule-outs, resolved histories, negative exams","Critical for not mixing suspected with confirmed."
"value_raw","phenotype_events","common_event_columns","value_raw","string","","","Source value or phrase.","Raw diagnosis/sign/lab phrase","Do not discard."
"value_normalized","phenotype_events","common_event_columns","value_normalized","string","","","Normalized value.","Normalized phenotype or numeric value","Retain raw separately."
"body_site","phenotype_events","common_event_columns","body_site","string","","","Anatomic site.","left nostril; right pelvic limb; ventral abdomen; anal gland","Required when stated."
"laterality","phenotype_events","common_event_columns","laterality","enum","left|right|bilateral|midline|not_applicable|not_reported|unknown","","Laterality.","AS/AD/AU; left; right; bilateral","Normalize veterinary abbreviations."
"severity","phenotype_events","common_event_columns","severity","string","","","Severity, grade, or descriptor.","mild; severe; 2/4; 3 cm x 2 cm; watery","Retain source scale."
"duration","phenotype_events","common_event_columns","duration","string","","","Duration as written.","2 weeks; since Sat; chronic; last week","Do not over-convert."
"onset_date","phenotype_events","common_event_columns","onset_date","date","YYYY-MM-DD","","Onset date if stated or safely derivable.","Rattlesnake 9/26/14; cough for 6 weeks","Leave blank if uncertain."
"resolved_date","phenotype_events","common_event_columns","resolved_date","date","YYYY-MM-DD","","Resolution date if stated.","snake wound healed; improved cough","Leave blank if uncertain."
"temporality","phenotype_events","common_event_columns","temporality","enum","current|historical|future_recheck|not_reported|unknown","","Current vs historical context.","past history pulmonary carcinoma; historical MCT; current cough","Important for dog-level summaries."
"negation","phenotype_events","common_event_columns","negation","boolean","yes|no|unknown|not_reported","","Explicit negation present.","no vomiting; no lameness; no murmur","Do not infer negation from silence."
"source_sentence","phenotype_events","common_event_columns","source_sentence","string","","","Short evidence sentence.","Every non-empty extraction","Keep short enough for audit."
"page_number","phenotype_events","common_event_columns","page_number","integer","","","PDF page number.","All PDFs with page markers/OCR pages","Required where possible."
"confidence","phenotype_events","common_event_columns","confidence","number","0-1","","Extractor confidence.","All extraction outputs","Use low threshold to trigger review."
"needs_review","phenotype_events","common_event_columns","needs_review","boolean","yes|no|unknown|not_reported","","Flag ambiguous, low-confidence, or new phenotype.","New candidate phenotypes; OCR uncertainty","Human review queue."
"ectropion","phenotype_events","diagnosis_problem","ectropion","event","present|absent|suspected|rule_out|historical|resolved|normal|abnormal|not_reported","","Eyelid conformation abnormality with outward eyelid rolling.","sample scanned report active concerns","Ophthalmology phenotype."
"conjunctivitis","phenotype_events","diagnosis_problem","conjunctivitis","event","present|absent|suspected|rule_out|historical|resolved|normal|abnormal|not_reported","","Conjunctivitis.","sample scanned report resolved concerns","Ophthalmology phenotype."
"eyelid_laceration","phenotype_events","diagnosis_problem","eyelid_laceration","event","present|absent|suspected|rule_out|historical|resolved|normal|abnormal|not_reported","","Eyelid laceration.","sample scanned report resolved concerns","Trauma/ophthalmology; use body_site eye/eyelid."
"separation_anxiety","phenotype_events","diagnosis_problem","separation_anxiety","event","present|absent|suspected|rule_out|historical|resolved|normal|abnormal|not_reported","","Separation anxiety or suspected separation anxiety.","sample scanned report active concern suspect separation anxiety","Behavior phenotype."
"mouthy_behavior","phenotype_events","behavior","mouthy_behavior","event","present|absent|suspected|rule_out|historical|resolved|normal|abnormal|not_reported","","Mouthy behavior noted as a concern.","sample scanned report inactive concern","Behavior phenotype."
"adverse_drug_reaction","phenotype_events","diagnosis_problem","adverse_drug_reaction","event","present|absent|suspected|rule_out|historical|resolved|normal|abnormal|not_reported","","Adverse reaction to a medication or drug.","sample scanned report alert No APOQUEL - Diarrhea","Capture medication name and reaction in value_raw."
"roundworm_infection","phenotype_events","diagnosis_problem","roundworm_infection","event","present|absent|suspected|rule_out|historical|resolved|normal|abnormal|not_reported","","Roundworm infection.","sample scanned report resolved concern roundworm infection","Parasite phenotype; keep separate from ringworm."
"canine_infectious_respiratory_disease_complex","phenotype_events","diagnosis_problem","canine_infectious_respiratory_disease_complex","event","present|absent|suspected|rule_out|historical|resolved|normal|abnormal|not_reported","","Canine infectious respiratory disease complex or kennel-cough-complex illness.","sample scanned report resolved CIRD complex","Respiratory/infectious phenotype."
"upper_respiratory_infection","phenotype_events","diagnosis_problem","upper_respiratory_infection","event","present|absent|suspected|rule_out|historical|resolved|normal|abnormal|not_reported","","Upper respiratory infection.","sample scanned report resolved upper respiratory infection","Respiratory/infectious phenotype."
"mycoplasma_cynos","phenotype_events","diagnosis_problem","mycoplasma_cynos","event","present|absent|suspected|rule_out|historical|resolved|normal|abnormal|not_reported","","Mycoplasma cynos infection or positive result.","sample scanned report resolved Mycoplasma Cynos","Respiratory/infectious phenotype."
"histiocytoma","phenotype_events","diagnosis_problem","histiocytoma","event","present|absent|suspected|rule_out|historical|resolved|normal|abnormal|not_reported","","Histiocytoma.","sample scanned report dermal lesion right lateral hock - histiocytoma","Oncology/dermatology; usually benign."
"jaw_tremor","phenotype_events","clinical_sign","jaw_tremor","event","present|absent|suspected|rule_out|historical|resolved|normal|abnormal|not_reported","","Jaw tremor.","sample scanned report resolved concern jaw tremor","Neurology/oral sign."
"anal_sacculitis","phenotype_events","diagnosis_problem","anal_sacculitis","event","present|absent|suspected|rule_out|historical|resolved|normal|abnormal|not_reported","","Anal sacculitis.","sample scanned report active concern anal sacculitis","Anal-gland disease subtype."
"multifocal_follicular_alopecia","phenotype_events","diagnosis_problem","multifocal_follicular_alopecia","event","present|absent|suspected|rule_out|historical|resolved|normal|abnormal|not_reported","","Multifocal follicular alopecia.","sample scanned report resolved concern multifocal follicular alopecia","Dermatology subtype; also add alopecia clinical sign."
"excoriations","phenotype_events","clinical_sign","excoriations","event","present|absent|suspected|rule_out|historical|resolved|normal|abnormal|not_reported","","Excoriations or self-trauma marks.","sample scanned report excoriations along neck","Dermatology sign."
"bloody_gingiva","phenotype_events","clinical_sign","bloody_gingiva","event","present|absent|suspected|rule_out|historical|resolved|normal|abnormal|not_reported","","Bloody gingiva or gum bleeding.","sample scanned report resolved concern bloody gingiva","Dental/hematology sign."
